fecha,semana_iso,corpus,diario,provincia,region,ciudad_origen,url_medio,titular
2026-04-30,2026-W18,provincial,EL DÍA,Buenos Aires,AMBA,La Plata,https://www.eldia.com,Giro en la causa por el crimen en un cotillón de La Plata: descartan la hipótesis de una deuda y el acusado no declaró
2026-04-30,2026-W18,provincial,EL DÍA,Buenos Aires,AMBA,La Plata,https://www.eldia.com,El Gobierno cede fondos ante la presión del transporte: ¿se encamina el boleto a un nuevo aumento?
2026-04-30,2026-W18,provincial,EL DÍA,Buenos Aires,AMBA,La Plata,https://www.eldia.com,Marcha atrás: Milei reabrirá la sala de periodistas y Adorni volverá a dar una conferencia en la Rosada
2026-04-30,2026-W18,provincial,EL DÍA,Buenos Aires,AMBA,La Plata,https://www.eldia.com,Conmoción en Punta Lara: encontraron el cuerpo del pescador que seguía desaparecido en el Río de la Plata
2026-04-30,2026-W18,provincial,EL DÍA,Buenos Aires,AMBA,La Plata,https://www.eldia.com,Imputan a un funcionaria de la Procuración bonaerense por presuntas maniobras con billeteras virtuales en La Plata
2026-04-30,2026-W18,provincial,EL DÍA,Buenos Aires,AMBA,La Plata,https://www.eldia.com,Informe de la UNLP | ¿Cuánto influyen los productos importados en los comercios platenses?
2026-04-30,2026-W18,provincial,EL DÍA,Buenos Aires,AMBA,La Plata,https://www.eldia.com,Cómo le fue a Gimnasia en torneos con playoffs
2026-04-30,2026-W18,provincial,EL DÍA,Buenos Aires,AMBA,La Plata,https://www.eldia.com,"Fernando Muslera, el héroe copero: ""Respetaron la historia de Estudiantes"""
2026-04-30,2026-W18,provincial,EL DÍA,Buenos Aires,AMBA,La Plata,https://www.eldia.com,EN VIVO - El streaming de La Redonda
2026-04-30,2026-W18,provincial,EL DÍA,Buenos Aires,AMBA,La Plata,https://www.eldia.com,"Al compás de la interna, el PJ volvió a marchar dividido en Plaza de Mayo"
2026-04-30,2026-W18,provincial,EL DÍA,Buenos Aires,AMBA,La Plata,https://www.eldia.com,Bomberos rescataron a un niño que había quedado atrapado en un monumento del Parque Alberti
2026-04-30,2026-W18,provincial,EL DÍA,Buenos Aires,AMBA,La Plata,https://www.eldia.com,"Baby Etchecopar lapidario con Adorni: ""Se levantaba en sunga y bajaba así a servirse el desayuno"""
2026-04-30,2026-W18,provincial,EL DÍA,Buenos Aires,AMBA,La Plata,https://www.eldia.com,Autorizan otro aumento de la tarifa del gas a partir de mañana en La Plata
2026-04-30,2026-W18,provincial,EL DÍA,Buenos Aires,AMBA,La Plata,https://www.eldia.com,"Por un triunfo River juega en Brasil para seguir bien arriba: hora, formaciones confirmadas y tv"
2026-04-30,2026-W18,provincial,EL DÍA,Buenos Aires,AMBA,La Plata,https://www.eldia.com,El dólar en baja por tercer día y una fuerte intervención del Banco Central: compró US$ 207 millones
2026-04-30,2026-W18,provincial,EL DÍA,Buenos Aires,AMBA,La Plata,https://www.eldia.com,"VIDEO. Un motociclista herido tras un choque con una pickup en ""la esquina más peligrosa"" de La Plata"
2026-04-30,2026-W18,provincial,EL DÍA,Buenos Aires,AMBA,La Plata,https://www.eldia.com,Un motociclista de La Plata hospitalizado tras un violento choque en Camino Centenario
2026-04-30,2026-W18,provincial,EL DÍA,Buenos Aires,AMBA,La Plata,https://www.eldia.com,Una diputada bonaerense y un dirigente platense de la Izquierda detenidos por el ejército de Israel: piquete en 7 y 50
2026-04-30,2026-W18,provincial,EL DÍA,Buenos Aires,AMBA,La Plata,https://www.eldia.com,El gendarme Nahuel Gallo denunció torturas en Venezuela y se presentó como querellante contra Maduro
2026-04-30,2026-W18,provincial,EL DÍA,Buenos Aires,AMBA,La Plata,https://www.eldia.com,VIDEO. Imprudencia al volante en La Plata: una “avivada” peligrosa que se repite en Camino Centenario
2026-04-30,2026-W18,provincial,EL DÍA,Buenos Aires,AMBA,La Plata,https://www.eldia.com,Nueva suba en las cuotas de los colegios privados de la Provincia: de cuánto será el aumento
2026-04-30,2026-W18,provincial,EL DÍA,Buenos Aires,AMBA,La Plata,https://www.eldia.com,"VIDEO. ""Desnudaron"" a un adolescente al sufrir un robo camino a la escuela en La Plata"
2026-04-30,2026-W18,provincial,EL DÍA,Buenos Aires,AMBA,La Plata,https://www.eldia.com,"Uno por uno, todo los nominados a los Premios Martín Fierro de Televisión"
2026-04-30,2026-W18,provincial,EL DÍA,Buenos Aires,AMBA,La Plata,https://www.eldia.com,"Murió Georg Baselitz, el artista que puso el mundo patas para arriba"
2026-04-30,2026-W18,provincial,EL DÍA,Buenos Aires,AMBA,La Plata,https://www.eldia.com,"Música, teatro, shows y más en la agenda de espectáculos para este finde en La Plata"
2026-04-30,2026-W18,provincial,EL DÍA,Buenos Aires,AMBA,La Plata,https://www.eldia.com,La escultura de la Loba Capitolina de Rómulo y Remo volvió a la Plaza Italia
2026-04-30,2026-W18,provincial,EL DÍA,Buenos Aires,AMBA,La Plata,https://www.eldia.com,Se siguen sumando listas para la elección del Colegio de Abogados
2026-04-30,2026-W18,provincial,EL DÍA,Buenos Aires,AMBA,La Plata,https://www.eldia.com,El Congreso de Brasil reduce la condena a Bolsonaro y abre un nuevo frente con la Justicia
2026-04-30,2026-W18,provincial,EL DÍA,Buenos Aires,AMBA,La Plata,https://www.eldia.com,Salió el cronograma de pagos en la Provincia: ¿cuándo cobran los docentes y los estatales?
2026-04-30,2026-W18,provincial,EL DÍA,Buenos Aires,AMBA,La Plata,https://www.eldia.com,"Milei visitó el portaviones estadounidense ""USS Nimitz"", que se encuentra en Mar del Plata"
2026-04-30,2026-W18,provincial,EL DÍA,Buenos Aires,AMBA,La Plata,https://www.eldia.com,La lesión de Julián Álvarez enciende las alarmas en la Selección
2026-04-30,2026-W18,provincial,EL DÍA,Buenos Aires,AMBA,La Plata,https://www.eldia.com,¡Llegó Vito! La primera foto del hijo de Belén Ludueña y Jorge Macri que se hizo viral en las redes
2026-04-30,2026-W18,provincial,EL DÍA,Buenos Aires,AMBA,La Plata,https://www.eldia.com,Gimena Accardi y Seven Kayne blanquearon su romance tras una escapada a la Costa Atlántica
2026-04-30,2026-W18,provincial,EL DÍA,Buenos Aires,AMBA,La Plata,https://www.eldia.com,El tablero post Mundial y las expectativa del “Círculo Rojo”
2026-04-30,2026-W18,provincial,EL DÍA,Buenos Aires,AMBA,La Plata,https://www.eldia.com,"En Brasil hablan de ""batalla campal"" por el juego de Estudiantes ante Flamengo: ""Dos jugadores merecían la roja"""
2026-04-30,2026-W18,provincial,EL DÍA,Buenos Aires,AMBA,La Plata,https://www.eldia.com,"Chelo Torres: ""Ahora que entramos a los playoffs, quiero una revancha contra Estudiantes"""
2026-04-30,2026-W18,provincial,EL DÍA,Buenos Aires,AMBA,La Plata,https://www.eldia.com,"Lisandro Magallán: “Soy hincha de Gimnasia, toda mi infancia fue ir al Bosque”"
2026-04-30,2026-W18,provincial,EL DÍA,Buenos Aires,AMBA,La Plata,https://www.eldia.com,La burla de los hinchas argentinos por la poca convocatoria de Flamengo de visitante
2026-04-30,2026-W18,provincial,EL DÍA,Buenos Aires,AMBA,La Plata,https://www.eldia.com,¿Domínguez se podrá sostener al frente del Mineiro?
2026-04-30,2026-W18,provincial,EL DÍA,Buenos Aires,AMBA,La Plata,https://www.eldia.com,Uno por uno: el boletín de calificaciones de los jugadores de Estudiantes vs Flamengo
2026-04-30,2026-W18,provincial,EL DÍA,Buenos Aires,AMBA,La Plata,https://www.eldia.com,"Estudiantes puso todo lo que tiene en una noche muy brava y ante Flamengo, un rival de alto nivel"
2026-04-30,2026-W18,provincial,EL DÍA,Buenos Aires,AMBA,La Plata,https://www.eldia.com,"""Pata"" Pereyra evalúa apostar todo contra Argentinos o dosificar cargas"
2026-04-30,2026-W18,provincial,EL DÍA,Buenos Aires,AMBA,La Plata,https://www.eldia.com,"En La Plata, Kicillof anunció un refuerzo en medicamentos y calificó de ""criminal"" el fin del Remediar"
2026-04-30,2026-W18,provincial,EL DÍA,Buenos Aires,AMBA,La Plata,https://www.eldia.com,"Cirugías en riesgo en La Plata: anestesiólogos denuncian que la Provincia ""adeuda el 100% de los haberes de 2026"""
2026-04-30,2026-W18,provincial,EL DÍA,Buenos Aires,AMBA,La Plata,https://www.eldia.com,Un sector del PJ se reúne en Parque Norte para discutir un nuevo armado peronista
2026-04-30,2026-W18,provincial,EL DÍA,Buenos Aires,AMBA,La Plata,https://www.eldia.com,"Cuenta DNI activa los descuentos de mayo 2026: uno por uno, todos los beneficios"
2026-04-30,2026-W18,provincial,EL DÍA,Buenos Aires,AMBA,La Plata,https://www.eldia.com,Violento choque frente a la Estación de Tolosa: una motociclista herida
2026-04-30,2026-W18,provincial,EL DÍA,Buenos Aires,AMBA,La Plata,https://www.eldia.com,Oportunidades inmobiliarias en La Plata
2026-04-30,2026-W18,provincial,EL DÍA,Buenos Aires,AMBA,La Plata,https://www.eldia.com,Rayos y tormentas amenazan suspender el GP de F1 de Miami
2026-04-30,2026-W18,provincial,EL DÍA,Buenos Aires,AMBA,La Plata,https://www.eldia.com,"Blockx no deja de sorprender, en el Masters 1000 de Madrid"
2026-04-30,2026-W18,provincial,EN ORSAI,Buenos Aires,AMBA,Morón,https://www.enorsai.com.ar,"El desafío de Villarruel, el blindaje de Milei a Adorni y la crisis de la basura en CABA"
2026-04-30,2026-W18,provincial,EN ORSAI,Buenos Aires,AMBA,Morón,https://www.enorsai.com.ar,¿Vuelve la guerra por Malvinas? El informe filtrado del Pentágono que alarma a Gran Bretaña y el rol de Milei
2026-04-30,2026-W18,provincial,EN ORSAI,Buenos Aires,AMBA,Morón,https://www.enorsai.com.ar,Declaración Jurada de Manuel Adorni: La investigación de Alconada Mon sobre bienes omitidos
2026-04-30,2026-W18,provincial,EN ORSAI,Buenos Aires,AMBA,Morón,https://www.enorsai.com.ar,"El ""Cuento de las tías"": Adorni acorralado por su patrimonio y el trasfondo de la política de Estado en YPF"
2026-04-30,2026-W18,provincial,EN ORSAI,Buenos Aires,AMBA,Morón,https://www.enorsai.com.ar,La economía de los insumos gastronómicos: cómo los nuevos formatos de óxido nitroso redefinen el consumo en la cocina moderna
2026-04-30,2026-W18,provincial,EN ORSAI,Buenos Aires,AMBA,Morón,https://www.enorsai.com.ar,Guía completa para comprar un departamento en venta
2026-04-30,2026-W18,provincial,EN ORSAI,Buenos Aires,AMBA,Morón,https://www.enorsai.com.ar,El fin de la luna de miel: Tenembaum revela encuestas con más del 60% de imagen negativa para Milei
2026-04-30,2026-W18,provincial,EN ORSAI,Buenos Aires,AMBA,Morón,https://www.enorsai.com.ar,Por qué en el boxeo un campeón no puede desaparecer sin pelear durante 9–12 meses sin pagar el precio
2026-04-30,2026-W18,provincial,EN ORSAI,Buenos Aires,AMBA,Morón,https://www.enorsai.com.ar,"Álvarez Agis advierte sobre el plan de Milei para YPF: ""Es un retiro del Estado que pagarán las provincias"""
2026-04-30,2026-W18,provincial,EN ORSAI,Buenos Aires,AMBA,Morón,https://www.enorsai.com.ar,"Alfredo Zaiat explica por qué el modelo de Milei entró en un tobogán: el atraso cambiario destruye la industria, los dólares se van ""por la canaleta"" del ahorro y el FMI le soltó la mano."
2026-04-30,2026-W18,provincial,EN ORSAI,Buenos Aires,AMBA,Morón,https://www.enorsai.com.ar,El crecimiento del juego online en Latinoamérica y su impacto económico
2026-04-30,2026-W18,provincial,EN ORSAI,Buenos Aires,AMBA,Morón,https://www.enorsai.com.ar,"El mito de la ""inflación cero"": Las prepagas suben un 28,7% y asfixian a la clase media"
2026-04-30,2026-W18,provincial,EN ORSAI,Buenos Aires,AMBA,Morón,https://www.enorsai.com.ar,"Jorge Asís advierte sobre la crisis en el ""Triángulo de Hierro"" y el despertar del peronismo"
2026-04-30,2026-W18,provincial,EN ORSAI,Buenos Aires,AMBA,Morón,https://www.enorsai.com.ar,Qué debe tener un buen hosting en Argentina: características que realmente importan
2026-04-30,2026-W18,provincial,EN ORSAI,Buenos Aires,AMBA,Morón,https://www.enorsai.com.ar,"Andrés Asiaín advierte sobre el regreso del ""Corralito"": El riesgo de los Argendólares"
2026-04-30,2026-W18,provincial,EN ORSAI,Buenos Aires,AMBA,Morón,https://www.enorsai.com.ar,Corrientes al límite: empresas pagan salarios con vales
2026-04-30,2026-W18,provincial,EN ORSAI,Buenos Aires,AMBA,Morón,https://www.enorsai.com.ar,Venezuela cortó la mufa: el título que fue mucho más que un jonrón
2026-04-30,2026-W18,provincial,EN ORSAI,Buenos Aires,AMBA,Morón,https://www.enorsai.com.ar,Tu WhatsApp ahora acepta cuotas: la guía para cobrar con link de pago con tarjeta de crédito
2026-04-30,2026-W18,provincial,EN ORSAI,Buenos Aires,AMBA,Morón,https://www.enorsai.com.ar,La nueva economía del ocio digital en Argentina
2026-04-30,2026-W18,provincial,EN ORSAI,Buenos Aires,AMBA,Morón,https://www.enorsai.com.ar,"Álvarez Agis advirtió: ""No podés bajar la inflación a lo Fate, matando el empleo"""
2026-04-30,2026-W18,provincial,EN ORSAI,Buenos Aires,AMBA,Morón,https://www.enorsai.com.ar,La trampa del crédito: En 2025 la mora familiar se triplicó y el endeudamiento llegó a niveles récord
2026-04-30,2026-W18,provincial,EN ORSAI,Buenos Aires,AMBA,Morón,https://www.enorsai.com.ar,"Miguel Kiguel advierte que el ajuste de Milei será ""más doloroso que en los 90"""
2026-04-30,2026-W18,provincial,EN ORSAI,Buenos Aires,AMBA,Morón,https://www.enorsai.com.ar,"Juan José Giani: ""Milei mutó hacia una derecha clásica y exige un peronismo más inteligente"""
2026-04-30,2026-W18,provincial,EN ORSAI,Buenos Aires,AMBA,Morón,https://www.enorsai.com.ar,"Melconian fulminó el optimismo de Caputo: ""¿Tema terminado? No sobra nada"""
2026-04-30,2026-W18,provincial,EN ORSAI,Buenos Aires,AMBA,Morón,https://www.enorsai.com.ar,Trump y la obsesión por Groenlandia: el nuevo capítulo del imperialismo ártico
2026-04-30,2026-W18,provincial,EN ORSAI,Buenos Aires,AMBA,Morón,https://www.enorsai.com.ar,¿Cómo ganar en Joker Jewels y por qué este slot es tan popular?
2026-04-30,2026-W18,provincial,EN ORSAI,Buenos Aires,AMBA,Morón,https://www.enorsai.com.ar,"Federico Poli alertó a Sturzenegger: ""Esto es mucho peor que la convertibilidad"""
2026-04-30,2026-W18,provincial,EN ORSAI,Buenos Aires,AMBA,Morón,https://www.enorsai.com.ar,Álvarez Agis advierte: el modelo de Milei genera dólares pero vacía el Conurbano
2026-04-30,2026-W18,provincial,EN ORSAI,Buenos Aires,AMBA,Morón,https://www.enorsai.com.ar,¿Trucho? El escandaloso secreto detrás del DNI del viceministro de Caputo que el Gobierno intenta ocultar
2026-04-30,2026-W18,provincial,EN ORSAI,Buenos Aires,AMBA,Morón,https://www.enorsai.com.ar,Hugo Alconada Mon: La causa Libra complica a Javier Milei según la justicia de Estados Unidos
2026-04-30,2026-W18,provincial,EN ORSAI,Buenos Aires,AMBA,Morón,https://www.enorsai.com.ar,Ignition en América Latina y la transformación cultural del entretenimiento digital
2026-04-30,2026-W18,provincial,EN ORSAI,Buenos Aires,AMBA,Morón,https://www.enorsai.com.ar,El fin de la mentira: Canadá rompe con el orden global y desafía a Trump
2026-04-30,2026-W18,provincial,EN ORSAI,Buenos Aires,AMBA,Morón,https://www.enorsai.com.ar,El Gobierno Argentino Avanza en la Regulación del Juego Online para 2025
2026-04-30,2026-W18,provincial,EN ORSAI,Buenos Aires,AMBA,Morón,https://www.enorsai.com.ar,El fiscal que debe investigar a Ritondo tiene a su hijo asociado al círculo íntimo del diputado
2026-04-30,2026-W18,provincial,EN ORSAI,Buenos Aires,AMBA,Morón,https://www.enorsai.com.ar,"Diego Genoud: El Partido Militar de Milei, el golpe a Villarruel y la alineación con Trump"
2026-04-30,2026-W18,provincial,EN ORSAI,Buenos Aires,AMBA,Morón,https://www.enorsai.com.ar,Celulares Xiaomi en Argentina: por qué se volverán una de las marcas favoritas en 2026
2026-04-30,2026-W18,provincial,EN ORSAI,Buenos Aires,AMBA,Morón,https://www.enorsai.com.ar,Economía digital en Argentina: nuevas formas de generar ingresos desde casa
2026-04-30,2026-W18,provincial,EN ORSAI,Buenos Aires,AMBA,Morón,https://www.enorsai.com.ar,Agencia link building: técnicas actuales para aumentar la autoridad de tu web
2026-04-30,2026-W18,provincial,EN ORSAI,Buenos Aires,AMBA,Morón,https://www.enorsai.com.ar,HOY ESCÁNDALO Corrientes al límite: empresas pagan salarios con vales Un aserradero en Gobernador Virasoro paga sueldos con vales desde hace meses. La postal no es una anécdota aislada: es el síntoma brutal de una economía que se descompone desde la base productiva.
2026-04-30,2026-W18,provincial,EN ORSAI,Buenos Aires,AMBA,Morón,https://www.enorsai.com.ar,DESTACADOS Geopolítica Trump y la obsesión por Groenlandia: el nuevo capítulo del imperialismo ártico
2026-04-30,2026-W18,provincial,EN ORSAI,Buenos Aires,AMBA,Morón,https://www.enorsai.com.ar,"Datos ¿Cómo ganar en Joker Jewels y por qué este slot es tan popular? FUEGO AMIGO Federico Poli alertó a Sturzenegger: ""Esto es mucho peor que la convertibilidad"""
2026-04-30,2026-W18,provincial,EN ORSAI,Buenos Aires,AMBA,Morón,https://www.enorsai.com.ar,Economía argentina Álvarez Agis advierte: el modelo de Milei genera dólares pero vacía el Conurbano NUEVO ESCÁNDALO ¿Trucho? El escandaloso secreto detrás del DNI del viceministro de Caputo que el Gobierno intenta ocultar
2026-04-30,2026-W18,provincial,EN ORSAI,Buenos Aires,AMBA,Morón,https://www.enorsai.com.ar,Datos importantes Hugo Alconada Mon: La causa Libra complica a Javier Milei según la justicia de Estados Unidos Datos Ignition en América Latina y la transformación cultural del entretenimiento digital
2026-04-30,2026-W18,provincial,EN ORSAI,Buenos Aires,AMBA,Morón,https://www.enorsai.com.ar,GEOPOLÍTICA El fin de la mentira: Canadá rompe con el orden global y desafía a Trump ECONOMÍA El Gobierno Argentino Avanza en la Regulación del Juego Online para 2025
2026-04-30,2026-W18,provincial,EN ORSAI,Buenos Aires,AMBA,Morón,https://www.enorsai.com.ar,"""JUSTICIA"" - CORRUPCIÓN El fiscal que debe investigar a Ritondo tiene a su hijo asociado al círculo íntimo del diputado análisis profundo Diego Genoud: El Partido Militar de Milei, el golpe a Villarruel y la alineación con Trump"
2026-04-30,2026-W18,provincial,EN ORSAI,Buenos Aires,AMBA,Morón,https://www.enorsai.com.ar,TECNOLOGÍA Celulares Xiaomi en Argentina: por qué se volverán una de las marcas favoritas en 2026 Datos Economía digital en Argentina: nuevas formas de generar ingresos desde casa
2026-04-30,2026-W18,provincial,EN ORSAI,Buenos Aires,AMBA,Morón,https://www.enorsai.com.ar,SEO Agencia link building: técnicas actuales para aumentar la autoridad de tu web
2026-04-30,2026-W18,provincial,5 DÍAS,Buenos Aires,AMBA,Quilmes,https://www.diario5dias.com.ar,Quilmes: prorrogan la licitación para la construcción del nuevo edificio del Hospital Dr. Julio Méndez en Bernal
2026-04-30,2026-W18,provincial,5 DÍAS,Buenos Aires,AMBA,Quilmes,https://www.diario5dias.com.ar,ACTUALIDAD Leer +
2026-04-30,2026-W18,provincial,5 DÍAS,Buenos Aires,AMBA,Quilmes,https://www.diario5dias.com.ar,Degustación de pescado de río y mar en la Universidad Nacional de Quilmes
2026-04-30,2026-W18,provincial,5 DÍAS,Buenos Aires,AMBA,Quilmes,https://www.diario5dias.com.ar,"La Multisectorial de Quilmes convocó a movilizarse por el Día del Trabajador y denunció despidos, ajuste y represión"
2026-04-30,2026-W18,provincial,5 DÍAS,Buenos Aires,AMBA,Quilmes,https://www.diario5dias.com.ar,Crimen en Solano: condenaron al asesino del joven barbero y el martes definirán la pena
2026-04-30,2026-W18,provincial,5 DÍAS,Buenos Aires,AMBA,Quilmes,https://www.diario5dias.com.ar,Quilmes Oeste: una mujer ingresó inconsciente al hospital y detuvieron a su pareja por presunta agresión
2026-04-30,2026-W18,provincial,5 DÍAS,Buenos Aires,AMBA,Quilmes,https://www.diario5dias.com.ar,Encontraron muerto en la costa de Quilmes a uno de los pescadores que desapareció en el Río de la Plata
2026-04-30,2026-W18,provincial,5 DÍAS,Buenos Aires,AMBA,Quilmes,https://www.diario5dias.com.ar,"En el marco del Día del Animal, Eva Mieri visitó la ONG Caballos de Quilmes"
2026-04-30,2026-W18,provincial,5 DÍAS,Buenos Aires,AMBA,Quilmes,https://www.diario5dias.com.ar,BERAZATEGUI leer +
2026-04-30,2026-W18,provincial,5 DÍAS,Buenos Aires,AMBA,Quilmes,https://www.diario5dias.com.ar,Llegó en libertad al juicio y se fue esposado: 6 años de prisión para un padre que abusó de la amiguita de sus hijas
2026-04-30,2026-W18,provincial,5 DÍAS,Buenos Aires,AMBA,Quilmes,https://www.diario5dias.com.ar,Primera C: Berazategui recibe a Lugano y ya tiene árbitro confirmado para el domingo
2026-04-30,2026-W18,provincial,5 DÍAS,Buenos Aires,AMBA,Quilmes,https://www.diario5dias.com.ar,Berazategui abre el Registro de Mayores Contribuyentes 2026: cómo inscribirse y quiénes pueden hacerlo
2026-04-30,2026-W18,provincial,5 DÍAS,Buenos Aires,AMBA,Quilmes,https://www.diario5dias.com.ar,La línea 148 prepara su regreso: habrá asamblea y buscan volver a circular el 1° de mayo “como sea”
2026-04-30,2026-W18,provincial,5 DÍAS,Buenos Aires,AMBA,Quilmes,https://www.diario5dias.com.ar,"Se aprobó la rendición de cuentas 2025: el PJ a favor, PRO y LLA en contra y la UCR en silencio"
2026-04-30,2026-W18,provincial,5 DÍAS,Buenos Aires,AMBA,Quilmes,https://www.diario5dias.com.ar,Operativo en Quilmes: multas y secuestros por arrojar basura en zanjones de la Autopista
2026-04-30,2026-W18,provincial,5 DÍAS,Buenos Aires,AMBA,Quilmes,https://www.diario5dias.com.ar,PROVINCIA leer +
2026-04-30,2026-W18,provincial,5 DÍAS,Buenos Aires,AMBA,Quilmes,https://www.diario5dias.com.ar,Autorizan nuevos aumentos en Provincia para colegios privados a partir de Abril
2026-04-30,2026-W18,provincial,5 DÍAS,Buenos Aires,AMBA,Quilmes,https://www.diario5dias.com.ar,Cayó pirata del asfalto en Avellaneda que había robado en Bernal: Tenía elementos buscados por la Justicia de Quilmes
2026-04-30,2026-W18,provincial,5 DÍAS,Buenos Aires,AMBA,Quilmes,https://www.diario5dias.com.ar,La Justicia de Quilmes condenó a un pedófilo a 12 años de prisión por abuso sexual y producción de material de explotación infantil.
2026-04-30,2026-W18,provincial,5 DÍAS,Buenos Aires,AMBA,Quilmes,https://www.diario5dias.com.ar,Mayra Mendoza en Crónica TV: “No se le puede pedir más esfuerzo a nuestra población”
2026-04-30,2026-W18,provincial,5 DÍAS,Buenos Aires,AMBA,Quilmes,https://www.diario5dias.com.ar,Argentino de Quilmes sale a la ruta: árbitro confirmado para el cruce con Merlo
2026-04-30,2026-W18,provincial,5 DÍAS,Buenos Aires,AMBA,Quilmes,https://www.diario5dias.com.ar,Quilmes vs. Chacarita: árbitro confirmado para el duelo clave en el Centenario por la Primera Nacional
2026-04-30,2026-W18,provincial,5 DÍAS,Buenos Aires,AMBA,Quilmes,https://www.diario5dias.com.ar,Vuelve la línea 148: reanudan el servicio desde el 1° de mayo y se recuperan casi 400 puestos de trabajo
2026-04-30,2026-W18,provincial,5 DÍAS,Buenos Aires,AMBA,Quilmes,https://www.diario5dias.com.ar,Quilmes avanza con la contenerización: el GIRSU ya completó el centro y proyecta llegar a Solano y Ezpeleta
2026-04-30,2026-W18,provincial,5 DÍAS,Buenos Aires,AMBA,Quilmes,https://www.diario5dias.com.ar,Allanamientos en Quilmes y Lanús por el robo de 400 mil dólares en Berazategui: detenciones y secuestros
2026-04-30,2026-W18,provincial,5 DÍAS,Buenos Aires,AMBA,Quilmes,https://www.diario5dias.com.ar,"La Multisectorial de Quilmes convocó a movilizarse por el Día del Trabajador y denunció despidos, ajuste y represión El documento cierra con fuertes críticas al rumbo económico del Gobierno nacional, al que acusan de favorecer a grandes empresas en detrimento de la población. Leer más"
2026-04-30,2026-W18,provincial,5 DÍAS,Buenos Aires,AMBA,Quilmes,https://www.diario5dias.com.ar,Crimen en Solano: condenaron al asesino del joven barbero y el martes definirán la pena El Tribunal Oral en lo Criminal (TOC) Nº4 de Quilmes condenó este miércoles al hombre acusado de asesinar a un joven barbero de 24 años en San Francisco Solano. Leer más
2026-04-30,2026-W18,provincial,5 DÍAS,Buenos Aires,AMBA,Quilmes,https://www.diario5dias.com.ar,Encontraron muerto en la costa de Quilmes a uno de los pescadores que desapareció en el Río de la Plata Efectivos de la Prefectura Naval Argentina hallaron este miércoles un cuerpo flotando en la ribera de Quilmes. Leer más
2026-04-30,2026-W18,provincial,5 DÍAS,Buenos Aires,AMBA,Quilmes,https://www.diario5dias.com.ar,Llegó en libertad al juicio y se fue esposado: 6 años de prisión para un padre que abusó de la amiguita de sus hijas El hecho ocurrió en Berazategui y el juicio se llevó a cabo en Quilmes Leer más
2026-04-30,2026-W18,provincial,5 DÍAS,Buenos Aires,AMBA,Quilmes,https://www.diario5dias.com.ar,"Primera C: Berazategui recibe a Lugano y ya tiene árbitro confirmado para el domingo La Asociación del Fútbol Argentino confirmó las designaciones arbitrales para la 10ª fecha del campeonato de la Primera División C 2026, que se disputará entre el sábado 2 y el lunes 4 de mayo. Leer más"
2026-04-30,2026-W18,provincial,5 DÍAS,Buenos Aires,AMBA,Quilmes,https://www.diario5dias.com.ar,"La línea 148 prepara su regreso: habrá asamblea y buscan volver a circular el 1° de mayo “como sea” Tras más de tres meses sin servicio, la línea 148 se encamina hacia su posible reactivación. Ya hay un acuerdo con la Secretaría de Transporte de la Nación, pero se dilata la concreción. Leer más"
2026-04-30,2026-W18,provincial,5 DÍAS,Buenos Aires,AMBA,Quilmes,https://www.diario5dias.com.ar,"Operativo en Quilmes: multas y secuestros por arrojar basura en zanjones de la Autopista En Villa Luján, y se multó e incautó vehículos a los responsables Leer más"
2026-04-30,2026-W18,provincial,5 DÍAS,Buenos Aires,AMBA,Quilmes,https://www.diario5dias.com.ar,"Autorizan nuevos aumentos en Provincia para colegios privados a partir de Abril El sistema de educación privada en la provincia de Buenos Aires, alcanza casi el 30% de la cobertura educativa y contiene a más de 1.3 millones de alumnos Leer más"
2026-04-30,2026-W18,provincial,5 DÍAS,Buenos Aires,AMBA,Quilmes,https://www.diario5dias.com.ar,"La Justicia de Quilmes condenó a un pedófilo a 12 años de prisión por abuso sexual y producción de material de explotación infantil. Las víctimas fueron abusadas, fotografiadas y filmadas, imágenes que distribuía por redes sociales. Leer más"
2026-04-30,2026-W18,provincial,5 DÍAS,Buenos Aires,AMBA,Quilmes,https://www.diario5dias.com.ar,"Quilmes vs. Chacarita: árbitro confirmado para el duelo clave en el Centenario por la Primera Nacional Se juega el lunes a las 20, según informó AFA este martes. Leer más"
2026-04-30,2026-W18,nacional,INFOBAE,,,,https://www.infobae.com,El Gobierno reabrirá la sala de periodistas y Adorni volverá a dar una conferencia de prensa en la Casa Rosada
2026-04-30,2026-W18,nacional,INFOBAE,,,,https://www.infobae.com,Sorpresa en Bariloche: Caputo se reunió con la reina Máxima y hablará en el Foro Llao Llao
2026-04-30,2026-W18,nacional,INFOBAE,,,,https://www.infobae.com,La Corte Suprema rechazó nuevos planteos de los rugbiers condenados por el crimen de Báez Sosa
2026-04-30,2026-W18,nacional,INFOBAE,,,,https://www.infobae.com,La CGT le bajó el tono a un nuevo paro y recrudeció la interna: un sector propone una huelga de 36 horas
2026-04-30,2026-W18,nacional,INFOBAE,,,,https://www.infobae.com,Giro en la causa ANDIS: el juez Ariel Lijo ordenó peritar los audios de Diego Spagnuolo
2026-04-30,2026-W18,nacional,INFOBAE,,,,https://www.infobae.com,La emoción de un cronista al enterarse en vivo de su nominación a los Martín Fierro de TV Abierta 2026
2026-04-30,2026-W18,nacional,INFOBAE,,,,https://www.infobae.com,River Plate visita al RB Bragantino en Brasil por la Copa Sudamericana: formaciones confirmadas
2026-04-30,2026-W18,nacional,INFOBAE,,,,https://www.infobae.com,EEUU sacó a la Argentina de la “lista negra” de países que no respetan la propiedad intelectual
2026-04-30,2026-W18,nacional,INFOBAE,,,,https://www.infobae.com,Una vacuna experimental contra el VIH logró neutralizar el 49% de las variantes del virus en modelos animales: cómo funciona
2026-04-30,2026-W18,nacional,INFOBAE,,,,https://www.infobae.com,Foro Llao Llao: la reina Máxima aconsejó a los millonarios argentinos sobre cómo deben influir en la salud financiera de sus empleados
2026-04-30,2026-W18,nacional,INFOBAE,,,,https://www.infobae.com,De la descomunal atajada del Dibu Martínez al insólito penal que provocó la derrota de Aston Villa en las semis de la Europa League
2026-04-30,2026-W18,nacional,INFOBAE,,,,https://www.infobae.com,"El BCRA refuerza la protección a los usuarios de billeteras virtuales: una por una, las medidas que adoptó"
2026-04-30,2026-W18,nacional,INFOBAE,,,,https://www.infobae.com,"Tensión en el juicio por la muerte de Maradona: Luque declaró, lloró y Ojeda lo insultó en la audiencia"
2026-04-30,2026-W18,nacional,INFOBAE,,,,https://www.infobae.com,Científicos hallan restos humanos de 10.800 años y evidencias de rituales en la Patagonia argentina
2026-04-30,2026-W18,nacional,INFOBAE,,,,https://www.infobae.com,Se confirmó la lesión que sufrió Julián Álvarez por la Champions League: el resultado de los estudios
2026-04-30,2026-W18,nacional,INFOBAE,,,,https://www.infobae.com,Diego Peretti fue operado y le colocaron un stent: cómo evoluciona su salud
2026-04-30,2026-W18,nacional,INFOBAE,,,,https://www.infobae.com,"Qué es la cardiopatía isquémica, el diagnóstico por el que fue operado Diego Peretti"
2026-04-30,2026-W18,nacional,INFOBAE,,,,https://www.infobae.com,VIDEOS DESTACADOS
2026-04-30,2026-W18,nacional,INFOBAE,,,,https://www.infobae.com,El violento mensaje que el detenido por golpear a su expareja en Pilar le envió a sus empleados
2026-04-30,2026-W18,nacional,INFOBAE,,,,https://www.infobae.com,Milei visitó el portaaviones USS Nimitz y participó de los ejercicios navales combinados con EEUU
2026-04-30,2026-W18,nacional,INFOBAE,,,,https://www.infobae.com,Qué son las avispas chaqueta amarilla y cómo protegerse de sus picaduras
2026-04-30,2026-W18,nacional,INFOBAE,,,,https://www.infobae.com,Agustín Aristarán contó que estuvo 6 meses separado de Fernanda Metilli: ataques de pánico y terapia
2026-04-30,2026-W18,nacional,INFOBAE,,,,https://www.infobae.com,Se definieron los nuevos aumentos para empleadas domésticas: cuánto cobrarán en mayo y los próximos meses
2026-04-30,2026-W18,nacional,INFOBAE,,,,https://www.infobae.com,Qué declaró el policía que mató a una ladrona en La Matanza
2026-04-30,2026-W18,nacional,INFOBAE,,,,https://www.infobae.com,Cómo es la estafa triangular en la que piden que devuelvas dinero y te hacen cómplice de un delito
2026-04-30,2026-W18,nacional,INFOBAE,,,,https://www.infobae.com,La escapada romántica de Gime Accardi y Seven Kayne: guitarreada y fotos junto al mar
2026-04-30,2026-W18,nacional,INFOBAE,,,,https://www.infobae.com,Colapinto le respondió a Bearman por sus críticas tras el accidente en Suzuka
2026-04-30,2026-W18,nacional,INFOBAE,,,,https://www.infobae.com,Cómo era la casa donde murió Diego Maradona en Tigre
2026-04-30,2026-W18,nacional,INFOBAE,,,,https://www.infobae.com,"""No cobré un peso, quería ayudarlo"": el psicólogo imputado por la muerte de Maradona se defendió"
2026-04-30,2026-W18,nacional,INFOBAE,,,,https://www.infobae.com,"La apariencia de Olivia Wilde desata preocupación en redes sociales: “¿Qué está pasando en Hollywood?"""
2026-04-30,2026-W18,nacional,INFOBAE,,,,https://www.infobae.com,Daniel Hadad fue distinguido con el Doctorado Honoris Causa por su impacto en la transformación del periodismo
2026-04-30,2026-W18,nacional,INFOBAE,,,,https://www.infobae.com,142 fotos de la ceremonia de entrega del Doctorado Honoris Causa a Daniel Hadad
2026-04-30,2026-W18,nacional,INFOBAE,,,,https://www.infobae.com,Condenaron a prisión perpetua a Figueroa por el femicidio de Mercedes Kvedaras en Salta
2026-04-30,2026-W18,nacional,INFOBAE,,,,https://www.infobae.com,El Gobierno se apoyó en el Tesoro de los EEUU para pagarle al FMI: cómo fue la operación
2026-04-30,2026-W18,nacional,INFOBAE,,,,https://www.infobae.com,"José López salió ahora en defensa de CFK Y dijo que ""nunca"" la vio como jefa de asociación ilícita"
2026-04-30,2026-W18,nacional,INFOBAE,,,,https://www.infobae.com,¿Se puede frenar el reloj biológico?: cuál es la actividad que retrasa el envejecimiento
2026-04-30,2026-W18,nacional,INFOBAE,,,,https://www.infobae.com,Conflicto por los colectivos en AMBA: el Gobierno girará $ 56.000 millones a las empresas y evalúa aumentar el boleto
2026-04-30,2026-W18,nacional,INFOBAE,,,,https://www.infobae.com,Cómo propone Google controlar miles de agentes de IA en las empresas | Exclusivo
2026-04-30,2026-W18,nacional,INFOBAE,,,,https://www.infobae.com,Crecen las denuncias por subfacturación de importaciones chinas y ya hay multas millonarias
2026-04-30,2026-W18,nacional,INFOBAE,,,,https://www.infobae.com,El PJ definió su congreso para el 19 de mayo y confirmó fechas para las elecciones en Jujuy y Salta
2026-04-30,2026-W18,nacional,INFOBAE,,,,https://www.infobae.com,El escándalo que podría obligar a una importante Liga de Europa a reprogramar 133 partidos
2026-04-30,2026-W18,nacional,INFOBAE,,,,https://www.infobae.com,"El embajador de EEUU celebró la visita de Milei al portaaviones: ""Es una nueva era de relación bilateral"""
2026-04-30,2026-W18,nacional,INFOBAE,,,,https://www.infobae.com,El dueño de la peluquería de Recoleta apuntó contra Abel Guzmán y contó cómo fue el crimen
2026-04-30,2026-W18,nacional,INFOBAE,,,,https://www.infobae.com,Milo J se convirtió en el artista más joven en el Tiny Desk: guiños a Mercedes Sosa y al Martín Fierro
2026-04-30,2026-W18,nacional,INFOBAE,,,,https://www.infobae.com,El dólar perdió más de 4% en el primer cuatrimestre y cerró debajo de los 1.400 pesos
2026-04-30,2026-W18,nacional,INFOBAE,,,,https://www.infobae.com,"Padres ""antivacunas"" compraban certificados falsos para sus hijos: cómo funcionaba el esquema que investiga la Justicia"
2026-04-30,2026-W18,nacional,INFOBAE,,,,https://www.infobae.com,El video del escándalo: se filtró el diálogo entre dos estrellas sobre los supuestos fallos arbitrales a favor del equipo de Cristiano
2026-04-30,2026-W18,nacional,INFOBAE,,,,https://www.infobae.com,ÚLTIMAS NOTICIAS
2026-04-30,2026-W18,nacional,INFOBAE,,,,https://www.infobae.com,Una por una: cuáles son las empresas que el Gobierno aspira a privatizar este año
2026-04-30,2026-W18,nacional,INFOBAE,,,,https://www.infobae.com,Encontraron el cuerpo del otro pescador que había desaparecido en el Río de la Plata
2026-04-30,2026-W18,nacional,LA NACIÓN,,,,https://www.lanacion.com.ar,Tras las críticas. El Gobierno reabre la sala de periodistas en la Casa Rosada y se espera una conferencia de Manuel Adorni
2026-04-30,2026-W18,nacional,LA NACIÓN,,,,https://www.lanacion.com.ar,"La prohibición de ingreso rige desde el 23 de abril y generó fuertes cuestionamientos de entidades profesionales, cámaras empresariales y el arco opositor; el espacio volverá a estar habilitado a partir del lunes"
2026-04-30,2026-W18,nacional,LA NACIÓN,,,,https://www.lanacion.com.ar,Los nombres detrás del armado. Dirigentes del PJ buscan construir una alternativa a Kicillof y al kirchnerismo
2026-04-30,2026-W18,nacional,LA NACIÓN,,,,https://www.lanacion.com.ar,Señal de Trump. El gobierno de Estados Unidos mejoró la calificación de la Argentina con relación a la propiedad intelectual
2026-04-30,2026-W18,nacional,LA NACIÓN,,,,https://www.lanacion.com.ar,"Desafío a Milei. La CGT cuestionó el rumbo económico, pero por ahora evita activar otro paro general"
2026-04-30,2026-W18,nacional,LA NACIÓN,,,,https://www.lanacion.com.ar,"Oportunidades de inversión. En la disputa con China por los minerales del futuro, EE.UU. pone los ojos en la Argentina"
2026-04-30,2026-W18,nacional,LA NACIÓN,,,,https://www.lanacion.com.ar,“Gobierno débil”. El fuerte revés político de Lula que ningún presidente de Brasil había sufrido en más de 100 años
2026-04-30,2026-W18,nacional,LA NACIÓN,,,,https://www.lanacion.com.ar,"""Nunca vi algo así"". Colapinto en Miami: asombro de la F1 por el road show y un anticipo de cómo puede ser el Gran Premio"
2026-04-30,2026-W18,nacional,LA NACIÓN,,,,https://www.lanacion.com.ar,"El juicio por la muerte de Maradona. “Era igual que mi padre, alcohólico, que falleció unos meses antes”, dijo el psicólogo"
2026-04-30,2026-W18,nacional,LA NACIÓN,,,,https://www.lanacion.com.ar,El crimen de Fernando Báez Sosa. Revés en la Corte Suprema de Justicia para los condenados por el homicidio
2026-04-30,2026-W18,nacional,LA NACIÓN,,,,https://www.lanacion.com.ar,Irrumpió de madrugada. Banksy reaparece en el centro de Londres con la escultura de un hombre que avanza sin ver
2026-04-30,2026-W18,nacional,LA NACIÓN,,,,https://www.lanacion.com.ar,A FONDO ¿Y si mi hijo sufre y no lo cuenta? Las señales de alerta que suelen pasar desapercibidas y anticipan episodios de violencia escolar
2026-04-30,2026-W18,nacional,LA NACIÓN,,,,https://www.lanacion.com.ar,A bordo de un portaaviones. Milei recibió a un alto jefe del Comando Sur y se fortalece la alianza militar entre la Argentina y EE.UU.
2026-04-30,2026-W18,nacional,LA NACIÓN,,,,https://www.lanacion.com.ar,Viaje fuera de agenda a Bariloche. Caputo se reunió con la reina Máxima y hablará en el Foro Llao Llao
2026-04-30,2026-W18,nacional,LA NACIÓN,,,,https://www.lanacion.com.ar,Sin RIGI. Cuáles son las provincias a las que las grandes inversiones les dan la espalda
2026-04-30,2026-W18,nacional,LA NACIÓN,,,,https://www.lanacion.com.ar,Mercados. Las acciones cayeron hasta 16% en abril y el dólar mostró una leve suba por primera vez en tres meses
2026-04-30,2026-W18,nacional,LA NACIÓN,,,,https://www.lanacion.com.ar,Clave en los casos de corrupción. El Gobierno logró avanzar en el concurso para reemplazar a dos jueces de la Cámara Federal
2026-04-30,2026-W18,nacional,LA NACIÓN,,,,https://www.lanacion.com.ar,“Di un paso que me costó mucho”. Nahuel Gallo denunció en la Justicia las “torturas” que sufrió en Venezuela
2026-04-30,2026-W18,nacional,LA NACIÓN,,,,https://www.lanacion.com.ar,"Desafío a Milei. Demasiado temprano o muy tarde, el dilema de la CGT"
2026-04-30,2026-W18,nacional,LA NACIÓN,,,,https://www.lanacion.com.ar,“Lujo accesible”. Una marca italiana de moda vuelve a la Argentina después de casi 20 años
2026-04-30,2026-W18,nacional,LA NACIÓN,,,,https://www.lanacion.com.ar,"Retenciones: El Gobierno ratificó que quiere eliminarlas, pero sin plazos"
2026-04-30,2026-W18,nacional,LA NACIÓN,,,,https://www.lanacion.com.ar,"""Hay que guardar este video"". La reflexión de Martín Caparrós sobre el discurso de Milei en la ExpoEFI 2026"
2026-04-30,2026-W18,nacional,LA NACIÓN,,,,https://www.lanacion.com.ar,Estudiar en Australia. 18 universidades mostrarán las becas y beneficios que ofrecen a los argentinos
2026-04-30,2026-W18,nacional,LA NACIÓN,,,,https://www.lanacion.com.ar,¿Por qué le bajaron el pulgar? La gran sorpresa: al Mundial 2026 le faltará un elemento festivo de la cultura estadounidense
2026-04-30,2026-W18,nacional,LA NACIÓN,,,,https://www.lanacion.com.ar,Acumulativos de abril a julio. El Gobierno anunció aumentos para las trabajadoras de casas particulares
2026-04-30,2026-W18,nacional,LA NACIÓN,,,,https://www.lanacion.com.ar,Prisión perpetua. Condenaron a José Eduardo Figueroa por el femicidio de su esposa en un barrio privado de Salta
2026-04-30,2026-W18,nacional,LA NACIÓN,,,,https://www.lanacion.com.ar,"“El encargado”, cuarta temporada. Cómo es y dónde queda el edificio donde se filmó la serie con Guillermo Francella"
2026-04-30,2026-W18,nacional,LA NACIÓN,,,,https://www.lanacion.com.ar,"""Me sigue gustando mucho"". Pablo Rago: la separación que aún no asimila, la excelente relación con su hijo y esta nueva etapa en su vida"
2026-04-30,2026-W18,nacional,LA NACIÓN,,,,https://www.lanacion.com.ar,"Diario de una cronista en Malvinas, día 3. Estuvo preso en la guerra, pero recuerda con cariño a los soldados argentinos"
2026-04-30,2026-W18,nacional,LA NACIÓN,,,,https://www.lanacion.com.ar,"Por su ""impacto"" en el periodismo. Hadad fue distinguido con el Doctorado Honoris Causa"
2026-04-30,2026-W18,nacional,LA NACIÓN,,,,https://www.lanacion.com.ar,“Sabemos que no puede entrar”. La ácida chicana de Carlos Tevez a Quique Felman por sus problemas legales en Estados Unidos
2026-04-30,2026-W18,nacional,LA NACIÓN,,,,https://www.lanacion.com.ar,Pronóstico. Anticipan un importante cambio en el clima para los próximos días
2026-04-30,2026-W18,nacional,LA NACIÓN,,,,https://www.lanacion.com.ar,"""Informe confidencial"". La seducción de un rival: el grande de Europa que quiere a Julián Alvarez y que enciende varias versiones"
2026-04-30,2026-W18,nacional,LA NACIÓN,,,,https://www.lanacion.com.ar,Imparable. Independiente Rivadavia goleó con un triplete de Arce y encamina su clasificación en la Copa Libertadores
2026-04-30,2026-W18,nacional,LA NACIÓN,,,,https://www.lanacion.com.ar,Desempate olímpico. Por qué Boca va segundo en la Copa pese a tener mejor diferencia de gol que los otros líderes
2026-04-30,2026-W18,nacional,LA NACIÓN,,,,https://www.lanacion.com.ar,"""Si muero, muero"". La durísima confesión de Valtteri Bottas y la brutal obsesión por pertenecer a la Fórmula 1"
2026-04-30,2026-W18,nacional,LA NACIÓN,,,,https://www.lanacion.com.ar,"""Detenidos ilegalmente"". Israel interceptó otra flotilla con ayuda humanitaria a Gaza y provocó una inesperada reacción de Meloni"
2026-04-30,2026-W18,nacional,LA NACIÓN,,,,https://www.lanacion.com.ar,“Es tan solo un mail”. Marco Rubio le bajó el tono a la filtración sobre el posible giro de EE.UU. por Malvinas
2026-04-30,2026-W18,nacional,LA NACIÓN,,,,https://www.lanacion.com.ar,“El más grande de los reyes”. Carlos III cierra su gira a EE.UU. con un regalo inesperado de Trump para los británicos
2026-04-30,2026-W18,nacional,LA NACIÓN,,,,https://www.lanacion.com.ar,“Absolutamente horrible”. La nueva amenaza de Trump a Italia y España en plena tensión por Irán
2026-04-30,2026-W18,nacional,LA NACIÓN,,,,https://www.lanacion.com.ar,Renuncia en bloque. La Bienal de Venecia se queda sin jurado y los premios los elegirá el público
2026-04-30,2026-W18,nacional,LA NACIÓN,,,,https://www.lanacion.com.ar,Inundaciones. El Gobierno dio detalles inéditos de una obra hídrica y admitió demoras en un tramo clave
2026-04-30,2026-W18,nacional,LA NACIÓN,,,,https://www.lanacion.com.ar,Estrategia. Más de 50.000 familias de estudiantes porteños aceptaron retrasar la entrega de smartphones a los chicos
2026-04-30,2026-W18,nacional,LA NACIÓN,,,,https://www.lanacion.com.ar,Comparecerá ante un tribunal. Britney Spears fue acusada formalmente por conducir bajo los efectos del alcohol
2026-04-30,2026-W18,nacional,LA NACIÓN,,,,https://www.lanacion.com.ar,Triple crimen. El narco conocido como Pequeño J será extraditado desde Perú el próximo lunes
2026-04-30,2026-W18,nacional,LA NACIÓN,,,,https://www.lanacion.com.ar,Conmovedor video. Una yegua asistió al funeral de su dueño en Brasil y su reacción frente al ataúd se volvió viral
2026-04-30,2026-W18,nacional,LA NACIÓN,,,,https://www.lanacion.com.ar,"""Engañó a todos"". Se adelantó la fecha de estreno de la cuarta temporada de El encargado, protagonizada por Guillermo Francella"
2026-04-30,2026-W18,nacional,LA NACIÓN,,,,https://www.lanacion.com.ar,"14 muertos. El accidente en el USS Nimitz, el portaaviones que abordó Milei, que cambió las reglas de la Marina norteamericana"
2026-04-30,2026-W18,nacional,LA NACIÓN,,,,https://www.lanacion.com.ar,"Una Scaloneta en el Palacio Libertad. 28 técnicos, una orquesta de 110 músicos y el rescate de las 9 sinfonías de Alberto Williams"
2026-04-30,2026-W18,nacional,LA NACIÓN,,,,https://www.lanacion.com.ar,La ‘Bella durmiente’. La historia detrás de una icónica fotografía de Lady Di y el secreto que esconde: “Fue una imagen encantadora”
2026-04-30,2026-W18,nacional,CLARÍN,,,,https://www.clarin.com,"Guerra entre Estados Unidos, Israel e Irán"
2026-04-30,2026-W18,nacional,CLARÍN,,,,https://www.clarin.com,Javier Milei y sus medidas
2026-04-30,2026-W18,nacional,CLARÍN,,,,https://www.clarin.com,Bragantino vs River
2026-04-30,2026-W18,nacional,CLARÍN,,,,https://www.clarin.com,Marcha de la CGT
2026-04-30,2026-W18,nacional,CLARÍN,,,,https://www.clarin.com,El Gobierno reabrirá el lunes la sala de periodistas de la Casa Rosada y Manuel Adorni dará una conferencia de prensa
2026-04-30,2026-W18,nacional,CLARÍN,,,,https://www.clarin.com,Chiqui Tapia no podrá defenderse del procesamiento: se le venció el plazo para presentar sus argumentos
2026-04-30,2026-W18,nacional,CLARÍN,,,,https://www.clarin.com,“El régimen venezolano sí tortura”: Nahuel Gallo dio ante la Justicia un duro testimonio de sus 448 días preso
2026-04-30,2026-W18,nacional,CLARÍN,,,,https://www.clarin.com,"La CGT marchó a Plaza de Mayo y llamó a profundizar “la lucha” contra Milei, pero pateó la definición de un nuevo paro"
2026-04-30,2026-W18,nacional,CLARÍN,,,,https://www.clarin.com,Corrupción K: López revoleó los bolsos con millones y ya no se arrepiente
2026-04-30,2026-W18,nacional,CLARÍN,,,,https://www.clarin.com,"El futuro de Adorni, los miedos de Wall Street y el dedo de Milei"
2026-04-30,2026-W18,nacional,CLARÍN,,,,https://www.clarin.com,Bajó el dólar por tercer día consecutivo y el Banco Central volvió a comprar con fuerza: adquirió US$ 207 millones
2026-04-30,2026-W18,nacional,CLARÍN,,,,https://www.clarin.com,"Milei visitó el portaaviones Nimitz, la inmensa nave a propulsión nuclear de EE.UU. que navega por Argentina"
2026-04-30,2026-W18,nacional,CLARÍN,,,,https://www.clarin.com,"Dibu Martínez tuvo una gran atajada, pero Aston Villa cayó por Europa League"
2026-04-30,2026-W18,nacional,CLARÍN,,,,https://www.clarin.com,Te transfieren plata y piden que la devuelvas: alerta por una nueva estafa triangular
2026-04-30,2026-W18,nacional,CLARÍN,,,,https://www.clarin.com,"Los hinchas que más sufrirán, el partido del insomnio y la ventaja argentina"
2026-04-30,2026-W18,nacional,CLARÍN,,,,https://www.clarin.com,Colapinto cruzó a Bearman tras el choque en Japón: “Le escribí y nunca respondió”
2026-04-30,2026-W18,nacional,CLARÍN,,,,https://www.clarin.com,Las empleadas domésticas recibirán cuatro aumentos consecutivos entre abril y julio
2026-04-30,2026-W18,nacional,CLARÍN,,,,https://www.clarin.com,Patentes medicinales: EE.UU. mejora la nota de Argentina pero presiona porque se trabó parte del acuerdo
2026-04-30,2026-W18,nacional,CLARÍN,,,,https://www.clarin.com,Nueva encuesta y datos clave de la consultora que mejor anticipó el fenómeno Milei
2026-04-30,2026-W18,nacional,CLARÍN,,,,https://www.clarin.com,Advierten por una de las mayores amenazas para la salud en Argentina: hay tres muertes por hora
2026-04-30,2026-W18,nacional,CLARÍN,,,,https://www.clarin.com,La verdadera historia detrás del crimen en un local de cotillón en La Plata
2026-04-30,2026-W18,nacional,CLARÍN,,,,https://www.clarin.com,Llega a la Argentina una marca de autos de ultra lujo: masajes de piedras calientes y aromatización de jazmín
2026-04-30,2026-W18,nacional,CLARÍN,,,,https://www.clarin.com,Adorni apuesta al tiempo para no responder
2026-04-30,2026-W18,nacional,CLARÍN,,,,https://www.clarin.com,El cruce de Patricia Bullrich con Manuel Adorni y el juego de Mauricio Macri
2026-04-30,2026-W18,nacional,CLARÍN,,,,https://www.clarin.com,"El Jefe de Gabinete, una inútil figura institucional"
2026-04-30,2026-W18,nacional,CLARÍN,,,,https://www.clarin.com,El caso de Alexis y la “doble vara” por cuestiones de género
2026-04-30,2026-W18,nacional,CLARÍN,,,,https://www.clarin.com,Armando Bo… y el deporte
2026-04-30,2026-W18,nacional,CLARÍN,,,,https://www.clarin.com,El discreto dolor de Hiroshima
2026-04-30,2026-W18,nacional,CLARÍN,,,,https://www.clarin.com,Las ocho privatizaciones con las que el Gobierno prevé juntar US$ 2.000 millones hasta fin de año
2026-04-30,2026-W18,nacional,CLARÍN,,,,https://www.clarin.com,"Para la UIA, la industria cayó 2,7% en el primer trimestre pero el dato de marzo dejó una señal alentadora"
2026-04-30,2026-W18,nacional,CLARÍN,,,,https://www.clarin.com,"“El futuro del Golfo será sin los matones de Estados Unidos”, la nueva advertencia del líder supremo iraní a Trump"
2026-04-30,2026-W18,nacional,CLARÍN,,,,https://www.clarin.com,Marco Rubio negó un cambio de posición de EE.UU. en favor de la Argentina en la disputa por la soberanía de las Malvinas
2026-04-30,2026-W18,nacional,CLARÍN,,,,https://www.clarin.com,Daniel Hadad fue distinguido como Doctor Honoris Causa por la Universidad de La Matanza
2026-04-30,2026-W18,nacional,CLARÍN,,,,https://www.clarin.com,Adiós a las cabinas en todas las autopistas porteñas: cuánto costarán el peaje y las multas
2026-04-30,2026-W18,nacional,CLARÍN,,,,https://www.clarin.com,Seis medicamentos comunes que pueden reducir el riesgo de demencia
2026-04-30,2026-W18,nacional,CLARÍN,,,,https://www.clarin.com,Feria del Libro 2026
2026-04-30,2026-W18,nacional,CLARÍN,,,,https://www.clarin.com,Los recomendados de este jueves en la Feria
2026-04-30,2026-W18,nacional,CLARÍN,,,,https://www.clarin.com,"Con dos debates sobre la dictadura, la censura y el exilio, comenzaron los Diálogos en la Feria"
2026-04-30,2026-W18,nacional,CLARÍN,,,,https://www.clarin.com,“Tengo esperanzas de que alguien aporte algo”: Virginia Messi recorrió los secretos del caso de Coghlan
2026-04-30,2026-W18,nacional,CLARÍN,,,,https://www.clarin.com,“Un nombre nunca muere”: Camila Sosa Villada y la potencia de escribir(se)
2026-04-30,2026-W18,nacional,CLARÍN,,,,https://www.clarin.com,Coliflor gratinada con salsa blanca
2026-04-30,2026-W18,nacional,CLARÍN,,,,https://www.clarin.com,Pollo en salsa de tomate
2026-04-30,2026-W18,nacional,CLARÍN,,,,https://www.clarin.com,Empanadas de jamón y queso
2026-04-30,2026-W18,nacional,CLARÍN,,,,https://www.clarin.com,Selección Clarín
2026-04-30,2026-W18,nacional,CLARÍN,,,,https://www.clarin.com,La regla de los tres meses y otras 5 “fórmulas infalibles” de los gurús del amor que arruinarán tus vínculos
2026-04-30,2026-W18,nacional,CLARÍN,,,,https://www.clarin.com,Inglaterra 1966: el experimento del Toto Lorenzo que desató silbidos y una fuerte polémica
2026-04-30,2026-W18,nacional,CLARÍN,,,,https://www.clarin.com,El Mozarteum abre su temporada con el ensamble más antiguo de República Checa y un director agradecido a quienes escuchan música clásica
2026-04-30,2026-W18,nacional,CLARÍN,,,,https://www.clarin.com,El retorno de Allyson Felix: vuelve a competir en atletismo y con el sueño de ser olímpica en Los Ángeles 2028
2026-04-30,2026-W18,nacional,CLARÍN,,,,https://www.clarin.com,¿Qué le pasa a Alcaraz?: hermetismo total de su entorno y en España temen que pueda estar “hasta seis meses parado”
2026-04-30,2026-W18,nacional,CLARÍN,,,,https://www.clarin.com,Alivio por Julián Álvarez: en España hablan de un esguince leve
